id,value
Java,
Java.基本概念,
Java.基本概念.环境配置,
Java.基本概念.注释,
Java.基本概念.八大基础变量,
Java.基本概念.运算符的使用,
Java.分支结构,
Java.分支结构.逻辑运算符,
Java.分支结构.if,
Java.循环结构,
Java.循环结构.while,
Java.循环结构.for,
Java.数组,
Java.数组.赋值,
Java.数组.排序,
Java.数组.多维数组,
Java.面向对象,
Java.面向对象.类与对象,
Java.面向对象.匿名对象,
Java.常用类,
Java.常用类.String,
Java.常用类.Math,
Java.异常,
Java.异常.概念,
Java.异常.分类,
Java.异常.处理,
Java.集合,
Java.集合.List,
Java.集合.Map,
Java.IO,
Java.IO.File,
Java.IO.IO流概念,
Java.IO.Reader与Writer,
Java.多线程,
Java.多线程.线程与进程,
Java.拓展,
Java.拓展.枚举,
Java.拓展.类的加载机制,
Java.拓展.反射,
Java.拓展.动态代理,